pmid	year	journal	title
28451378	2017	Cell Biosci	Plant genome editing with TALEN and CRISPR.
28362803	2017	PLoS ONE	PCR artifact in testing for homologous recombination in genomic editing in zebrafish.
28360929	2017	Plant Methods	TALEN-mediated genome-editing approaches in the liverwort Marchantia polymorpha yield high efficiencies for targeted mutagenesis.
28261237	2017	Front Plant Sci	Progress in Genome Editing Technology and Its Application in Plants.
28179977	2017	Comput Struct Biotechnol J	Programmable Genome Editing Tools and their Regulation for Efficient Genome Engineering.
28167937	2017	Front Microbiol	Antiviral Defenses in Plants through Genome Editing.
28131278	2017	Mol Ther Nucleic Acids	Reactivating Fetal Hemoglobin Expression in Human Adult Erythroblasts Through BCL11A Knockdown Using Targeted Endonucleases.
28129851	2017	Methods Cell Biol.	Small teleost fish provide new insights into human skeletal diseases.
28128770	2017	J Huntingtons Dis	Modern Genome Editing Technologies in Huntington's Disease Research.
28018102	2016	World J. Gastroenterol.	Apolipoprotein B100 is required for hepatitis C infectivity and Mipomersen inhibits hepatitis C.
28002927	2016	Asian-australas. J. Anim. Sci.	Human lactoferrin efficiently targeted into caprine beta-lactoglobulin locus with TALENs.
27990003	2016	Biosci Trends	Current status of genome editing in vector mosquitoes: A review.
27987038	2016	Pflugers Arch.	Efficient genome editing of differentiated renal epithelial cells.
27984622	2016	Zhonghua Yi Xue Yi Chuan Xue Za Zhi	[Applications of ZFN, TALEN and CRISPR/Cas9 techniques in disease modeling and gene therapy].
27981894	2016	RNA Biol	Knockout of miR-221 and miR-222 reveals common and specific targets for paralogous miRNAs.
27975310	2016	Methods Mol. Biol.	A T7 Endonuclease I Assay to Detect Talen-Mediated Targeted Mutation of HBV cccDNA.
27943242	2016	Biotechnol. Bioeng.	Knockout of a difficult-to-remove CHO host cell protein, lipoprotein lipase, for improved polysorbate stability in monoclonal antibody formulations.
27916442	2016	J Genet Genomics	A highly efficient method for enriching TALEN or CRISPR/Cas9-edited mutant cells.
27910041	2016	Methods Mol. Biol.	Efficient Genome Editing in Induced Pluripotent Stem Cells with Engineered Nucleases In Vitro.
27905217	2016	Regen Med	To CRISPR and beyond: the evolution of genome editing in stem cells.
27888407	2016	Arch. Virol.	Targeting the rhesus macaque TRIM5α gene to enhance the susceptibility of CD4(+) T cells to HIV-1 infection.
27883072	2016	Sci Rep	Non-RVD mutations that enhance the dynamics of the TAL repeat array along the superhelical axis improve TALEN genome editing efficacy.
27876832	2016	Sci Rep	Knockout of Zebrafish Ovarian Aromatase Gene (cyp19a1a) by TALEN and CRISPR/Cas9 Leads to All-male Offspring Due to Failed Ovarian Differentiation.
27845165	2016	J. Biotechnol.	Applications of genome editing by programmable nucleases to the metabolic engineering of secondary metabolites.
27836965	2016	Development	Exon- and contraction-dependent functions of titin in sarcomere assembly.
27826306	2016	Front Plant Sci	Transcription Activator-Like Effector Nucleases (TALEN)-Mediated Targeted DNA Insertion in Potato Plants.
27821126	2016	Reprod. Biol. Endocrinol.	Efficient generation of GGTA1-null Diannan miniature pigs using TALENs combined with somatic cell nuclear transfer.
27819301	2016	Sci Rep	TALEN-mediated knock-in via non-homologous end joining in the crustacean Daphnia magna.
27818495	2016	Mol. Ther.	Corrigendum to &quot;Inducible HGF-secreting Human Umbilical Cord Blood-derived MSCs Produced via TALEN-mediated Genome Editing Promoted Angiogenesis&quot;.
27811851	2016	Leukemia	Establishment of a congenital amegakaryocytic thrombocytopenia model and a thrombocyte-specific reporter line in zebrafish.
27621059	2016	Development	Vegfc acts through ERK to induce sprouting and differentiation of trunk lymphatic progenitors.
27790238	2016	Front Plant Sci	Genome Editing in Sugarcane: Challenges Ahead.
27780671	2016	J. Biosci. Bioeng.	Detailed analysis of targeted gene mutations caused by the Platinum-Fungal TALENs in Aspergillus oryzae RIB40 strain and a ligD disruptant.
27775045	2016	Sci Rep	Supernova: A Versatile Vector System for Single-Cell Labeling and Gene Function Studies in vivo.
27766054	2016	Thromb J	The adaptor protein Disabled-2: new insights into platelet biology and integrin signaling.
27766006	2016	J. Equine Vet. Sci.	Genome Editing in Large Animals.
27748423	2016	Sci Rep	A simple and efficient method to visualize and quantify the efficiency of chromosomal mutations from genome editing.
27742675	2016	Cancer Res.	Correction: TALEN-Mediated Inactivation of PD-1 in Tumor-Reactive Lymphocytes Promotes Intratumoral T-cell Persistence and Rejection of Established Tumors.
27733139	2016	BMC Plant Biol.	Direct stacking of sequence-specific nuclease-induced mutations to produce high oleic and low linolenic soybean oil.
27709574	2016	Methods Mol. Biol.	Generating a Genome Editing Nuclease for Targeted Mutagenesis in Human Cells.
27709571	2016	Methods Mol. Biol.	Generation of Stable Knockout Mammalian Cells by TALEN-Mediated Locus-Specific Gene Editing.
27694308	2016	Nucleic Acids Res.	Analyzing structure-function relationships of artificial and cancer-associated PARP1 variants by reconstituting TALEN-generated HeLa PARP1 knock-out cells.
27693694	2016	Biochem. Biophys. Res. Commun.	Progressive hearing loss and degeneration of hair cell stereocilia in taperin gene knockout mice.
27673347	2016	Zebrafish	A Rapid and Efficient Method of Identifying G0 Males with Mosaic Germ Line Cells.
27659992	2016	Methods Mol. Biol.	A Rapid TALEN Assembly Protocol.
27659991	2016	Methods Mol. Biol.	In Vivo Models to Address the Function of Polycomb Group Proteins.
27655312	2016	Yi Chuan	Research advances on animal genetics in China in 2015.
27654750	2016	Sci Rep	Generation of biallelic knock-out sheep via gene-editing and somatic cell nuclear transfer.
27626929	2016	PLoS Genet.	The Rheumatoid Arthritis Risk Variant CCR6DNP Regulates CCR6 via PARP-1.
27623223	2016	Prog Retin Eye Res	In vivo genome editing as a potential treatment strategy for inherited retinal dystrophies.
27622175	2016	J Bone Metab	Current Status and Strategy of microRNA Research for Cartilage Development and Osteoarthritis Pathogenesis.
27621093	2016	Diabetes Educ	Patient Perceptions About Prediabetes and Preferences for Diabetes Prevention.
27614072	2016	Nucleic Acids Res.	TALEN/CRISPR-mediated engineering of a promoterless anti-viral RNAi hairpin into an endogenous miRNA locus.
27612508	2016	Biol Open	αE-catenin-dependent mechanotransduction is essential for proper convergent extension in zebrafish.
27604899	2016	Mol. Cells	A One-Step System for Convenient and Flexible Assembly of Transcription Activator-Like Effector Nucleases (TALENs).
27595926	2016	Dev. Biol.	no privacy, a Xenopus tropicalis mutant, is a model of human Hermansky-Pudlak Syndrome and allows visualization of internal organogenesis during tadpole development.
27590580	2016	Biochem. Biophys. Res. Commun.	Improved antiviral efficacy using TALEN-mediated homology directed recombination to introduce artificial primary miRNAs into DNA of hepatitis B virus.
27565865	2016	Anim. Biotechnol.	GRK5-Knockout Mice Generated by TALEN-Mediated Gene Targeting.
27558609	2016	Stem Cell Res	A human MIXL1 green fluorescent protein reporter embryonic stem cell line engineered using TALEN-based genome editing.
27556703	2016	Oncotarget	Generation of TALEN-mediated FH knockout rat model.
27539813	2016	Plant Biotechnol. J.	Targeted promoter editing for rice resistance to Xanthomonas oryzae pv. oryzae reveals differential activities for SWEET14-inducing TAL effectors.
27531613	2016	Yi Chuan	Characteristic and inheritance analysis of targeted mutagenesis mediated by genome editing in rice.
27530248	2016	Sci Rep	Comparative Analysis of piggyBac, CRISPR/Cas9 and TALEN Mediated BAC Transgenesis in the Zygote for the Generation of Humanized SIRPA Rats.
27502025	2016	Cell Res.	TALEN-based generation of a cynomolgus monkey disease model for human microcephaly.
27493650	2016	Front Plant Sci	Geminivirus-Mediated Genome Editing in Potato (Solanum tuberosum L.) Using Sequence-Specific Nucleases.
27483988	2016	Hum. Gene Ther.	Gene Editing of Human Hematopoietic Stem and Progenitor Cells: Promise and Potential Hurdles.
27464801	2016	Methods Mol. Biol.	Generation of Targeted Genomic Deletions Through CRISPR/Cas System in Zebrafish.
27464798	2016	Methods Mol. Biol.	TALEN-Mediated Mutagenesis and Genome Editing.
27463006	2016	Oncotarget	Partial loss of interleukin 2 receptor gamma function in pigs provides mechanistic insights for the study of human immunodeficiency syndrome.
27462304	2016	Front Microbiol	Improvement of Ethanol Production in Saccharomyces cerevisiae by High-Efficient Disruption of the ADH2 Gene Using a Novel Recombinant TALEN Vector.
27461387	2016	BMC Dev. Biol.	Efficient TALEN-mediated myostatin gene editing in goats.
27452606	2016	Sci Rep	A simple Gateway-assisted construction system of TALEN genes for plant genome editing.
27446041	2016	Front Microbiol	Specific Destruction of HIV Proviral p17 Gene in T Lymphoid Cells Achieved by the Genome Editing Technology.
27443922	2016	Methods Cell Biol.	TALEN- and CRISPR-enhanced DNA homologous recombination for gene editing in zebrafish.
27442247	2016	PLoS ONE	The Polycomb Group Protein Pcgf1 Is Dispensable in Zebrafish but Involved in Early Growth and Aging.
27434182	2016	PLoS ONE	LATS2 Positively Regulates Polycomb Repressive Complex 2.
27434585	2016	Mol. Ther.	Inducible HGF-secreting Human Umbilical Cord Blood-derived MSCs Produced via TALEN-mediated Genome Editing Promoted Angiogenesis.
27421685	2016	Acta Physiol (Oxf)	Salt-losing nephropathy in mice with a null mutation of the Clcnk2 gene.
27390654	2016	Springerplus	Comparison of CRISPR/Cas9 and TALENs on editing an integrated EGFP gene in the genome of HEK293FT cells.
27385009	2016	Development	Quadruple zebrafish mutant reveals different roles of Mesp genes in somite segmentation between mouse and zebrafish.
27378256	2016	Sci Rep	Mobility and subcellular localization of endogenous, gene-edited Tau differs from that of over-expressed human wild-type and P301L mutant Tau.
27373734	2016	Brief. Bioinformatics	A comprehensive overview of computational resources to aid in precision genome editing with engineered nucleases.
27355207	2016	PLoS ONE	Targeted Mutagenesis of the Hypophysiotropic Gnrh3 in Zebrafish (Danio rerio) Reveals No Effects on Reproductive Performance.
27350235	2016	Biochim. Biophys. Acta	Insert, remove or replace: A highly advanced genome editing system using CRISPR/Cas9.
27349115	2016	Sheng Wu Gong Cheng Xue Bao	[BLG gene knockout and hLF gene knock-in at BLG locus in goat by TALENs].
27347935	2016	Int J Mol Sci	Site-Specific Genome Engineering in Human Pluripotent Stem Cells.
27329042	2016	Mol. Cells	BK Knockout by TALEN-Mediated Gene Targeting in Osteoblasts: KCNMA1 Determines the Proliferation and Differentiation of Osteoblasts.
27306903	2016	Plant Mol. Biol.	TALEN mediated targeted mutagenesis of the caffeic acid O-methyltransferase in highly polyploid sugarcane improves cell wall composition for production of bioethanol.
27272125	2016	Hum. Genet.	Genome editing and the next generation of antiviral therapy.
27272006	2016	Transgenic Res.	The growth and reproduction performance of TALEN-mediated β-lactoglobulin-knockout bucks.
27268983	2016	Zool. Sci.	Generation of Albino Cynops pyrrhogaster by Genomic Editing of the tyrosinase Gene.
27262012	2016	Prim. Care	Psychiatric Emergencies.
27258157	2016	PLoS ONE	Targeting Human α-Lactalbumin Gene Insertion into the Goat β-Lactoglobulin Locus by TALEN-Mediated Homologous Recombination.
27256918	2016	Sci Rep	Mutation of the Traj18 gene segment using TALENs to generate Natural Killer T cell deficient mice.
27238249	2016	Mol. Plant Pathol.	Bacterial disease management: challenges, experience, innovation and future prospects: Challenges in Bacterial Molecular Plant Pathology.
27233509	2016	Int. J. Hematol.	Gene editing and its application for hematological diseases.
27225180	2016	Sci China Life Sci	Generation of obese rat model by transcription activator-like effector nucleases targeting the leptin receptor gene.
27214565	2016	J Vis Exp	Microinjection for Transgenesis and Genome Editing in Threespine Sticklebacks.
27210304	2016	Prog. Biophys. Mol. Biol.	The potential impact of new generation transgenic methods on creating rabbit models of cardiac diseases.
27203440	2016	Mol. Ther.	Genome Therapy of Myotonic Dystrophy Type 1 iPS Cells for Development of Autologous Stem Cell Therapy.
27200086	2016	Front Genet	Editorial: Gene Targeting in Neuroscience: Entering the Future.
27197251	2016	Cancer Res.	TALEN-Mediated Inactivation of PD-1 in Tumor-Reactive Lymphocytes Promotes Intratumoral T-cell Persistence and Rejection of Established Tumors.
27187373	2016	Int J Mol Sci	Site-Specific Integration of Exogenous Genes Using Genome Editing Technologies in Zebrafish.
27185894	2016	Nucleic Acids Res.	CHOPCHOP v2: a web tool for the next generation of CRISPR genome engineering.
27180265	2016	J Genet Genomics	TALEN-Mediated Homologous Recombination Produces Site-Directed DNA Base Change and Herbicide-Resistant Rice.
27179434	2016	Biomaterials	Myocardial commitment from human pluripotent stem cells: Rapid production of human heart grafts.
27176769	2016	PLoS ONE	Targeted Mutagenesis in Plant Cells through Transformation of Sequence-Specific Nuclease mRNA.
27171500	2016	Autophagy	The circadian clock regulates autophagy directly through the nuclear hormone receptor Nr1d1/Rev-erbα and indirectly via Cebpb/(C/ebpβ) in zebrafish.
27170155	2016	Hum. Genet.	TALEN gene editing takes aim on HIV.
27165746	2016	Cancer Cell	Loss of Chromosome 8p Governs Tumor Progression and Drug Response by Altering Lipid Metabolism.
27159246	2016	ACS Synth Biol	Multiplexed Targeted Genome Engineering Using a Universal Nuclease-Assisted Vector Integration System.
27155732	2016	Theriogenology	New insights and current tools for genetically engineered (GE) sheep and goats.
27151309	2016	Adv. Drug Deliv. Rev.	Stem cell-based therapies for HIV/AIDS.
27151003	2016	Zhongguo Shi Yan Xue Ye Xue Za Zhi	[Knockout of Micro-RNA-21 Gene in DLBCL OCI-Ly3 cells by TALEN Technique].
27150087	2016	Methods Mol. Biol.	A Humanized Mouse Model to Study Human Albumin and Albumin Conjugates Pharmacokinetics.
27150083	2016	Methods Mol. Biol.	Mouse Sperm Cryopreservation and Recovery of Genetically Modified Mice.
27148349	2016	Front Genet	Gene Targeting Using Homologous Recombination in Embryonic Stem Cells: The Future for Behavior Genetics?
27133796	2016	Cell Stem Cell	Genome Editing of Lineage Determinants in Human Pluripotent Stem Cells Reveals Mechanisms of Pancreatic Development and Diabetes.
27125596	2016	Brain Res.	Mutation of rnf213a by TALEN causes abnormal angiogenesis and circulation defects in zebrafish.
27113852	2016	J. Endocrinol.	Progestin increases the expression of gonadotropins in pituitaries of male zebrafish.
27108443	2016	Methods Mol. Biol.	Screening Strategies for TALEN-Mediated Gene Disruption.
27098757	2016	Purinergic Signal.	Coupling switch of P2Y-IP3 receptors mediates differential Ca(2+) signaling in human embryonic stem cells and derived cardiovascular progenitor cells.
27095599	2016	Sci Rep	Testing the causality between CYP9M10 and pyrethroid resistance using the TALEN and CRISPR/Cas9 technologies.
27094430	2016	Hum. Gene Ther.	GoldyTALEN Vectors with Improved Efficiency for Golden Gate TALEN Assembly.
27092173	2016	Front Genet	Genome Engineering with TALE and CRISPR Systems in Neuroscience.
27089539	2016	PLoS ONE	A Digital PCR-Based Method for Efficient and Highly Specific Screening of Genome Edited Cells.
27075976	2016	Methods Mol. Biol.	Decoding the Epigenetic Heterogeneity of Human Pluripotent Stem Cells with Seamless Gene Editing.
27068475	2016	Cell Rep	Activation of P-TEFb by Androgen Receptor-Regulated Enhancer RNAs in Castration-Resistant Prostate Cancer.
27068360	2016	Biosci. Biotechnol. Biochem.	Generating hESCs with reduced immunogenicity by disrupting TAP1 or TAPBP.
27063166	2016	Nan Fang Yi Ke Da Xue Xue Bao	[TALEN-mediated MYH9 Knock-down and its influence on cell cycle and apoptosis of MGC803 cell line].
27059175	2016	FEBS Lett.	SAMM50 Affects Mitochondrial Morphology through the Association of Drp1 in Mammalian Cells.
27053107	2016	J. Biol. Chem.	Cleavage by Caspase 8 and Mitochondrial Membrane Association Activate the BH3-only Protein Bid during TRAIL-induced Apoptosis.
27051344	2016	J. Vet. Sci.	Production of α1,3-galactosyltransferase targeted pigs using transcription activator-like effector nuclease-mediated genome editing technology.
27044511	2016	Gen. Comp. Endocrinol.	R-spondin1 signaling pathway is required for both the ovarian and testicular development in a teleosts, Nile tilapia (Oreochromis niloticus).
27034424	2016	Development	Reiterative expression of pax1 directs pharyngeal pouch segmentation in medaka.
27013255	2016	Adv. Drug Deliv. Rev.	Recent advances in RNAi-based strategies for therapy and prevention of HIV-1/AIDS.
27012844	2016	Ann ICRP	Analysis of individual differences in radiosensitivity using genome editing.
27001477	2016	Yi Chuan	[The application of genome editing in identification of plant gene function and crop breeding].
26976234	2016	Sci Rep	Targeted disruption of sp7 and myostatin with CRISPR-Cas9 results in severe bone defects and more muscular cells in common carp.
26962325	2016	Plant Methods	A simple test for the cleavage activity of customized endonucleases in plants.
26949958	2016	Asian-australas. J. Anim. Sci.	Generation of Fibroblasts Lacking the Sal-like 1 Gene by Using Transcription Activator-like Effector Nuclease-mediated Homologous Recombination.
26939437	2016	Sheng Wu Gong Cheng Xue Bao	[Advances in CRISPR/Cas9-mediated gene editing].
26930114	2016	GM Crops Food	Genome editing for crop improvement: Challenges and opportunities.
26927083	2016	Int J Mol Sci	Genome Editing in C. elegans and Other Nematode Species.
26926995	2016	J. Exp. Med.	Strictly co-isogenic C57BL/6J-Prnp-/- mice: A rigorous resource for prion science.
26924205	2016	Sci Rep	Lost region in amyloid precursor protein (APP) through TALEN-mediated genome editing alters mitochondrial morphology.
26923600	2016	Cell Rep	Improved Genome Editing Efficiency and Flexibility Using Modified Oligonucleotides with TALEN and CRISPR-Cas9 Nucleases.
26921872	2016	Stem Cell Res	Targeted genome engineering using designer nucleases: State of the art and practical guidance for application in human pluripotent stem cells.
26916285	2016	Mol. Ther.	Precise Correction of Disease Mutations in Induced Pluripotent Stem Cells Derived From Patients With Limb Girdle Muscular Dystrophy.
26914853	2016	Expert Opin Biol Ther	Gene editing technology as an approach to the treatment of liver diseases.
26901320	2016	PLoS Genet.	Liver-Enriched Gene 1, a Glycosylated Secretory Protein, Binds to FGFR and Mediates an Anti-stress Pathway to Protect Liver Development in Zebrafish.
26896603	2016	Discov Med	Genome editing systems in novel therapies.
26892463	2016	Dev. Biol.	Id4 functions downstream of Bmp signaling to restrict TCF function in endocardial cells during atrioventricular valve development.
26892237	2016	Biol Open	Genetic basis of hindlimb loss in a naturally occurring vertebrate model.
26884712	2016	Int. J. Biol. Sci.	&quot;DNA Binding Region&quot; of BRCA1 Affects Genetic Stability through modulating the Intra-S-Phase Checkpoint.
26879316	2016	BMB Rep	Targeted disruption of EBNA1 in EBV-infected cells attenuated cell growth.
26873552	2016	Neurobiol. Dis.	Depdc5 knockout rat: A novel model of mTORopathy.
26861665	2016	Stem Cell Res Ther	Robust method for TALEN-edited correction of pF508del in patient-specific induced pluripotent stem cells.
26854857	2016	Hum. Gene Ther.	FusX: A Rapid One-Step Transcription Activator-Like Effector Assembly System for Genome Science.
26853707	2016	RNA Biol	MicroRNAs Activate Gene Transcription Epigenetically as an Enhancer Trigger.
26850319	2016	Cell Transplant	Allele-Specific Reduction of the Mutant Huntingtin Allele Using Transcription Activator-Like Effectors in Human Huntington's Disease Fibroblasts.
26848388	2016	Cilia	Basal bodies in Xenopus.
26847415	2016	Genes Cells	Ouro proteins are not essential to tail regression during Xenopus tropicalis metamorphosis.
26837953	2016	G3 (Bethesda)	Genomic Access to Monarch Migration Using TALEN and CRISPR/Cas9-Mediated Targeted Mutagenesis.
26821284	2016	Genes Immun.	TALEN-mediated enhancer knockout influences TNFAIP3 gene expression and mimics a molecular phenotype associated with systemic lupus erythematosus.
26817820	2016	Nat Commun	RS-1 enhances CRISPR/Cas9- and TALEN-mediated knock-in efficiency.
26787520	2016	Yi Chuan	[From random mutagenesis to precise genome editing: the development and evolution of genome editing techniques in Drosophila].
26762977	2016	Nucleic Acids Res.	Selection-free gene repair after adenoviral vector transduction of designer nucleases: rescue of dystrophin synthesis in DMD muscle cell populations.
26762038	2016	Sheng Wu Gong Cheng Xue Bao	[Advances in genetic modification technologies].
26743900	2016	Mol. Cells	miR-101 Inhibiting Cell Proliferation, Migration and Invasion in Hepatocellular Carcinoma through Downregulating Girdin.
26731440	2016	Transl Psychiatry	CRISPR/Cas9 facilitates investigation of neural circuit disease using human iPSCs: mechanism of epilepsy caused by an SCN1A loss-of-function mutation.
26729821	2016	J. Med. Genet.	Gene editing of DNAH11 restores normal cilia motility in primary ciliary dyskinesia.
26721181	2016	J. Biotechnol.	A novel luciferase knock-in reporter system for studying transcriptional regulation of the human Sox2 gene.
26707206	2015	Methods	Engineering the AAVS1 locus for consistent and scalable transgene expression in human iPSCs and their differentiated derivatives.
26705336	2015	Blood	Tailoring steroid-sensitive virus-specific T cells with TALEN.
26702451	2015	J Stem Cell Regen Biol	Gene Editing in Human Pluripotent Stem Cells: Choosing the Correct Path.
26689645	2015	Insect Biochem. Mol. Biol.	Targeted mutagenesis of an odorant receptor co-receptor using TALEN in Ostrinia furnacalis.
26681691	2015	Nucleic Acids Res.	Genome-wide analysis reveals NRP1 as a direct HIF1α-E2F7 target in the regulation of motorneuron guidance in vivo.
26676719	2015	Oncol. Rep.	TALEN-induced disruption of Nanog expression results in reduced proliferation, invasiveness and migration, increased chemosensitivity and reversal of EMT in HepG2 cells.
26674741	2015	Sci Rep	TALEN-mediated homologous recombination in Daphnia magna.
26672367	2015	Sheng Wu Gong Cheng Xue Bao	[Progress of new-generation genome editing mediated by engineered endonucleases].
26668331	2015	Plant Physiol.	A Defect in DNA Ligase4 Enhances the Frequency of TALEN-Mediated Targeted Mutagenesis in Rice.
26665171	2015	Sci Adv	PRMT8 as a phospholipase regulates Purkinje cell dendritic arborization and motor coordination.
26658319	2015	Dev. Biol.	Osteoblast and osteoclast behaviors in the turnover of attachment bones during medaka tooth replacement.
26654659	2015	Trends Plant Sci.	Opportunities for Products of New Plant Breeding Techniques.
26641666	2015	PLoS ONE	TALEN-Based Mutagenesis of Lipoxygenase LOX3 Enhances the Storage Tolerance of Rice (Oryza sativa) Seeds.
26629935	2015	Oncol. Res.	Suppression of Cellular Proliferation and Invasion by HMGB1 Knockdown in Bladder Urothelial Carcinoma Cells.
26588350	2015	Organogenesis	From hacking the human genome to editing organs.
26580070	2015	PLoS ONE	The Expression of TALEN before Fertilization Provides a Rapid Knock-Out Phenotype in Xenopus laevis Founder Embryos.
26578247	2015	Fish Shellfish Immunol.	TALENs-mediated gene disruption of myostatin produces a larger phenotype of medaka with an apparently compromised immune system.
26571398	2015	J. Clin. Invest.	Mesodermal iPSC-derived progenitor cells functionally regenerate cardiac and skeletal muscle.
26566825	2015	Plant Sci.	The CRISPR-Cas9 technology: Closer to the ultimate toolkit for targeted genome editing.
26558999	2015	Sci Rep	Controlled delivery of β-globin-targeting TALENs and CRISPR/Cas9 into mammalian cells for genome editing using microinjection.
26553210	2015	Stem Cell Res Ther	Transplantation of rat embryonic stem cell-derived retinal progenitor cells preserves the retinal structure and function in rat retinal degeneration.
26549847	2015	Stem Cell Reports	Generation of a High Number of Healthy Erythroid Cells from Gene-Edited Pyruvate Kinase Deficiency Patient-Specific Induced Pluripotent Stem Cells.
26545012	2015	Atherosclerosis	Apolipoprotein E-deficient rats develop atherosclerotic plaques in partially ligated carotid arteries.
26528114	2015	Front Neurosci	Neuroprotective therapies in glaucoma: II. Genetic nanotechnology tools.
26523782	2015	Biotechnol. Adv.	The art of CHO cell engineering: A comprehensive retrospect and future perspectives.
26508783	2015	Blood	TALEN-mediated genetic inactivation of the glucocorticoid receptor in cytomegalovirus-specific T cells.
26506092	2015	PLoS ONE	klf2ash317 Mutant Zebrafish Do Not Recapitulate Morpholino-Induced Vascular and Haematopoietic Phenotypes.
26503400	2015	Plant Biotechnol. J.	Oligonucleotide-directed mutagenesis for precision gene editing.
26497859	2015	Sci Rep	Disruption of diapause induction by TALEN-based gene mutagenesis in relation to a unique neuropeptide signaling pathway in Bombyx.
26496756	2015	Yi Chuan	Generating amphioxus Hedgehog knockout mutants and phenotype analysis.
26496748	2015	Yi Chuan	Research progress of genome editing and derivative technologies in plants.
26492140	2015	Nat Protoc	Efficient delivery of nuclease proteins for genome editing in human stem cells and primary cells.
26488621	2015	Mol. Reprod. Dev.	Efficient modification of the myostatin gene in porcine somatic cells and generation of knockout piglets.
26475985	2015	Comp. Biochem. Physiol. C Toxicol. Pharmacol.	Establishment of proprotein convertase, furinA knocked-out lines in medaka, Oryzias latipes, and unique form of medaka furin-like prorprotein convertase (mflPC).
26473830	2015	Int J Mol Sci	Homologous Recombination-Independent Large Gene Cassette Knock-in in CHO Cells Using TALEN and MMEJ-Directed Donor Plasmids.
26446275	2015	J. Endocrinol.	Glucagon receptor inactivation leads to α-cell hyperplasia in zebrafish.
26443226	2015	Methods Mol. Biol.	Genome Editing in Rats Using TALE Nucleases.
26443225	2015	Methods Mol. Biol.	Genome Editing in Mice Using TALE Nucleases.
26443224	2015	Methods Mol. Biol.	Mutagenesis in Xenopus and Zebrafish using TALENs.
26443223	2015	Methods Mol. Biol.	Targeted Mutagenesis in Zebrafish by TALENs.
26443222	2015	Methods Mol. Biol.	Methods for TALEN-Mediated Genomic Manipulations in Drosophila.
26443221	2015	Methods Mol. Biol.	Methods for TALEN Evaluation, Use, and Mutation Detection in the Mosquito Aedes aegypti.
26443220	2015	Methods Mol. Biol.	GeneKnockout by Targeted Mutagenesis in a Hemimetabolous Insect, the Two-Spotted Cricket Gryllus bimaculatus, using TALENs.
26443218	2015	Methods Mol. Biol.	Mutagenesis in Newts: Protocol for Iberian Ribbed Newts.
26443217	2015	Methods Mol. Biol.	TALEN-Induced Translocations in Human Cells.
26443214	2015	Methods Mol. Biol.	Engineering Customized TALENs Using the Platinum Gate TALEN Kit.
26443212	2015	Methods Mol. Biol.	Online Tools for TALEN Design.
26443211	2015	Methods Mol. Biol.	The Development of TALE Nucleases for Biotechnology.
26443210	2015	Methods Mol. Biol.	TAL Effector DNA-Binding Principles and Specificity.
26443083	2015	Blood Rev.	Fishing the targets of myeloid malignancies in the era of next generation sequencing.
26442875	2015	Sci Rep	Homology-directed repair in rodent zygotes using Cas9 and TALEN engineered proteins.
26440702	2015	Trends Immunol.	Efficient Gene Editing in Primary Human T Cells.
26433620	2015	Adv Biol Regul	Application of genome editing technologies to the study and treatment of hematological disease.
26414877	2015	J. Pathol.	Engineering large animal models of human disease.
26407033	2015	Annu. Rev. Genet.	From Genomics to Gene Therapy: Induced Pluripotent Stem Cells Meet Genome Editing.
26404630	2015	Metallomics	Activation by zinc of the human gastrin gene promoter in colon cancer cells in vitro and in vivo.
26404258	2015	Int J Mol Sci	Single-Base Pair Genome Editing in Human Cells by Using Site-Specific Endonucleases.
26398868	2015	Nat. Med.	CAUSEL: an epigenome- and genome-editing pipeline for establishing function of noncoding GWAS variants.
26397828	2015	An. Acad. Bras. Cienc.	From Gene Targeting to Genome Editing: Transgenic animals applications and beyond.
26392552	2015	Proc. Natl. Acad. Sci. U.S.A.	Lnx2 ubiquitin ligase is essential for exocrine cell differentiation in the early zebrafish pancreas.
27858753	2015	J Neuromuscul Dis	Genome Editing Gene Therapy for Duchenne Muscular Dystrophy.
26381494	2015	Xenotransplantation	Inclusion of homologous DNA in nuclease-mediated gene targeting facilitates a higher incidence of bi-allelically modified cells.
26376862	2015	Hum. Mol. Genet.	Glucocerebrosidase 1 deficient Danio rerio mirror key pathological aspects of human Gaucher disease and provide evidence of early microglial activation preceding alpha-synuclein-independent neuronal cell death.
26345384	2015	Sci Rep	Rapid tumor induction in zebrafish by TALEN-mediated somatic inactivation of the retinoblastoma1 tumor suppressor rb1.
26328757	2015	Heredity (Edinb)	Positional cloning of a Bombyx pink-eyed white egg locus reveals the major role of cardinal in ommochrome synthesis.
26318124	2015	Mutat. Res.	Efficient ligase 3-dependent microhomology-mediated end joining repair of DNA double-strand breaks in zebrafish embryos.
26295532	2015	Biomaterials	TALEN-mediated functional correction of X-linked chronic granulomatous disease in patient-derived induced pluripotent stem cells.
26294375	2015	Expert Opin Drug Discov	Recent progress in the use of zebrafish for novel cardiac drug discovery.
26289297	2015	Cell Struct. Funct.	Epithelial DLD-1 Cells with Disrupted E-cadherin Gene Retain the Ability to Form Cell Junctions and Apico-basal Polarity.
26258293	2015	Nat. Methods	Continuous directed evolution of DNA-binding proteins to improve TALEN specificity.
26255934	2015	Mutat. Res.	DNA damage and gene therapy of xeroderma pigmentosum, a human DNA repair-deficient disease.
26251102	2015	Plant Biotechnol. J.	The Regulatory Status of Genome-edited Crops.
26237572	2015	Curr Protoc Stem Cell Biol	TALEN- and CRISPR/Cas9-Mediated Gene Editing in Human Pluripotent Stem Cells Using Lipid-Based Transfection.
26231992	2015	Int J Surg	Recent advances in genome editing and creation of genetically modified pigs.
26227017	2015	J. Reprod. Dev.	Generation of α1,3-galactosyltransferase and cytidine monophospho-N-acetylneuraminic acid hydroxylase gene double-knockout pigs.
26226135	2015	PLoS ONE	GBM Derived Gangliosides Induce T Cell Apoptosis through Activation of the Caspase Cascade Involving Both the Extrinsic and the Intrinsic Pathway.
26225991	2015	Viruses	CCR5 Targeted Cell Therapy for HIV and Prevention of Viral Escape.
26224674	2015	Clin Calcium	[Analysis of Musculoskeletal Systems and Their Diseases. The research for musculoskeletal disease using genome editing technology].
26221953	2015	PLoS ONE	A TALEN-Exon Skipping Design for a Bethlem Myopathy Model in Zebrafish.
26219216	2015	Dev. Growth Differ.	Regulation of growth rate and developmental timing by Xenopus thyroid hormone receptor α.
26217959	2015	Prion	Efficient PRNP deletion in bovine genome using gene-editing technologies in bovine cells.
26208947	2015	J Cell Commun Signal	Come together, right now….
26198291	2015	Angiogenesis	Metallothionein 2 regulates endothelial cell migration through transcriptional regulation of vegfc expression.
26196022	2015	Cell Logist	An optimized TALEN application for mutagenesis and screening in Drosophila melanogaster.
26195792	2015	Proc. Natl. Acad. Sci. U.S.A.	Knockout silkworms reveal a dispensable role for juvenile hormones in holometabolous life cycle.
26183927	2015	Cancer Res.	Multiplex Genome-Edited T-cell Manufacturing Platform for &quot;Off-the-Shelf&quot; Adoptive T-cell Immunotherapies.
26153077	2015	G3 (Bethesda)	Targeted Modification of Gene Function Exploiting Homology-Directed Repair of TALEN-Mediated Double-Strand Breaks in Barley.
26149094	2015	Exp. Eye Res.	A conserved role of αA-crystallin in the development of the zebrafish embryonic lens.
26143640	2015	Oncotarget	Intron-based genomic editing: a highly efficient method for generating knockin zebrafish.
26140053	2015	Biotechnol Biofuels	Construction of a self-cloning system in the unicellular green alga Pseudochoricystis ellipsoidea.
26137216	2015	Cell Biosci	Application of CRISPR/Cas9 for biomedical discoveries.
26125227	2015	Oncotarget	Direct regulation of E-cadherin by targeted histone methylation of TALE-SET fusion protein in cancer cells.
26122191	2015	Sci Rep	Corrigendum: Generation of the SCN1A epilepsy mutation in hiPS cells using the TALEN technique.
26118977	2015	Birth Defects Res. Part A Clin. Mol. Teratol.	EFTUD2 deficiency in vertebrates: Identification of a novel human mutation and generation of a zebrafish model.
26106397	2015	Front Plant Sci	Biotechnological strategies and tools for Plum pox virus resistance: trans-, intra-, cis-genesis, and beyond.
26101343	2015	Hypertension	Exacerbating Pressure Overload-Induced Cardiac Hypertrophy: Novel Role of Adaptor Molecule Src Homology 2-B3.
26097888	2015	Oncoscience	TALEN-mediated apc mutation in Xenopus tropicalis phenocopies familial adenomatous polyposis.
26095606	2015	Stem Cell Reports	Genome Editing in Mouse Spermatogonial Stem Cell Lines Using TALEN and Double-Nicking CRISPR/Cas9.
26088417	2015	Cell Res.	Generation of fertile offspring from Kit(w)/Kit(wv) mice through differentiation of gene corrected nuclear transfer embryonic stem cells.
26086883	2015	Antiviral Res.	Irbesartan, an FDA approved drug for hypertension and diabetic nephropathy, is a potent inhibitor for hepatitis B virus entry by disturbing Na(+)-dependent taurocholate cotransporting polypeptide activity.
26078220	2015	Nat Commun	Rh D blood group conversion using transcription activator-like effector nucleases.
26071353	2015	Biochem. Biophys. Res. Commun.	In vitro culture and in vitro fertilization techniques for prairie voles (Microtus ochrogaster).
26062981	2015	Stem Cells Transl Med	Efficient Gene Editing in Pluripotent Stem Cells by Bacterial Injection of Transcription Activator-Like Effector Nuclease Proteins.
26057433	2015	Sci Rep	Generation of mutant mice via the CRISPR/Cas9 system using FokI-dCas9.
26053181	2015	Oncotarget	MicroRNA-106b inhibits osteoclastogenesis and osteolysis by targeting RANKL in giant cell tumor of bone.
26052525	2015	Mol Ther Methods Clin Dev	Efficient genome editing in hematopoietic stem cells with helper-dependent Ad5/35 vectors expressing site-specific endonucleases under microRNA regulation.
26052330	2015	Front Immunol	Novel Genome-Editing Tools to Model and Correct Primary Immunodeficiencies.
26035392	2015	Dis Model Mech	A new cellular model to follow Friedreich's ataxia development in a time-resolved way.
26035390	2015	Dis Model Mech	ALS mutant FUS proteins are recruited into stress granules in induced pluripotent stem cell-derived motoneurons.
26027462	2015	Trends Plant Sci.	Feasibility of new breeding techniques for organic farming.
26011187	2015	Plant Biotechnol. J.	Multiplexed, targeted gene editing in Nicotiana benthamiana for glyco-engineering and monoclonal antibody production.
26007655	2015	Nucleic Acids Res.	Destruction of a distal hypoxia response element abolishes trans-activation of the PAG1 gene mediated by HIF-independent chromatin looping.
26000843	2015	Mol. Cell	Choosing the Right Tool for the Job: RNAi, TALEN, or CRISPR.
25994151	2015	Sci Rep	Gene targeting by TALEN-induced homologous recombination in goats directs production of β-lactoglobulin-free, high-human lactoferrin milk.
25993524	2015	Endocrinology	Disruption of Zebrafish Follicle-Stimulating Hormone Receptor (fshr) But Not Luteinizing Hormone Receptor (lhcgr) Gene by TALEN Leads to Failed Follicle Activation in Females Followed by Sexual Reversal to Males.
25985872	2015	Mol. Cells	Measuring and Reducing Off-Target Activities of Programmable Nucleases Including CRISPR-Cas9.
25964300	2015	Nucleic Acids Res.	mRNA transfection of a novel TAL effector nuclease (TALEN) facilitates efficient knockout of HIV co-receptor CCR5.
25956682	2015	Exp. Biol. Med. (Maywood)	Utilization of TALEN and CRISPR/Cas9 technologies for gene targeting and modification.
25955014	2015	Autophagy	Divergent roles of BECN1 in LC3 lipidation and autophagosomal function.
25953924	2015	Circ. Res.	Cold-Inducible RNA-Binding Protein Regulates Cardiac Repolarization by Targeting Transient Outward Potassium Channels.
25946221	2015	PLoS ONE	Damaging the Integrated HIV Proviral DNA with TALENs.
25920501	2015	In Vitro Cell. Dev. Biol. Anim.	Homeolog-specific targeted mutagenesis in Xenopus laevis using TALENs.
25912819	2015	Microb Biotechnol	Knockout of the adp gene related with colonization in Bacillus nematocida B16 using customized transcription activator-like effectors nucleases.
25910206	2015	Cell	Selective elimination of mitochondrial mutations in the germline by genome editing.
25907554	2015	J. Biol. Chem.	Maternal and Zygotic Sphingosine Kinase 2 Are Indispensable for Cardiac Development in Zebrafish.
25888632	2015	Oncotarget	Hypoxia/reoxygenation-experienced cancer cell migration and metastasis are regulated by Rap1- and Rac1-GTPase activation via the expression of thymosin beta-4.
25881968	2015	Insect Biochem. Mol. Biol.	The silkworm glutathione S-transferase gene noppera-bo is required for ecdysteroid biosynthesis and larval development.
25873558	2015	J Biomol Screen	Versatile Viral Vector Strategies for Postscreening Target Validation and RNAi ON-Target Control.
25867543	2015	Plant Biotechnol. J.	TALEN-mediated targeted mutagenesis produces a large variety of heritable mutations in rice.
25856577	2015	PLoS ONE	Gene editing by co-transformation of TALEN and chimeric RNA/DNA oligonucleotides on the rice OsEPSPS gene and the inheritance of mutations.
25853735	2015	PLoS ONE	Advanced echocardiography in adult zebrafish reveals delayed recovery of heart function after myocardial cryoinjury.
25848989	2015	J. Biotechnol.	Targeted gene mutation in tetraploid potato through transient TALEN expression in protoplasts.
25846201	2015	Plant Biotechnol. J.	Improving cold storage and processing traits in potato through targeted gene knockout.
25842973	2015	Cell Stem Cell	Clinical translation of TALENS: Treating SCID-X1 by gene editing in iPSCs.
25822541	2015	PLoS ONE	Germline-transmitted genome editing in Arabidopsis thaliana Using TAL-effector-nucleases.
25815482	2015	PLoS ONE	Heritable CRISPR/Cas9-mediated genome editing in the yellow fever mosquito, Aedes aegypti.
25800339	2015	Reprod. Domest. Anim.	Generation of Foxo3-targeted Mice by Injection of mRNAs Encoding Transcription Activator-like Effector Nucleases (TALENs) into Zygotes.
25799417	2015	PLoS ONE	Development of a targeted flip-in system in avian DT40 cells.
25788694	2015	Cancer Res.	A chemical genetics approach for the functional assessment of novel cancer genes.
25781928	2015	PLoS ONE	Claudin-2 knockout by TALEN-mediated gene targeting in MDCK cells: claudin-2 independently determines the leaky property of tight junctions in MDCK cells.
25781496	2015	PLoS ONE	A high excision potential of TALENs for integrated DNA of HIV-based lentiviral vector.
25777362	2015	Sci Rep	A platform for rapid generation of single and multiplexed reporters in human iPSC lines.
25775608	2015	Proc. Natl. Acad. Sci. U.S.A.	Silencing of end-joining repair for efficient site-specific gene insertion after TALEN/CRISPR mutagenesis in Aedes aegypti.
25774757	2015	PLoS ONE	Genome editing using TALENs in blind Mexican Cavefish, Astyanax mexicanus.
25765640	2015	Nucleic Acids Res.	Genome engineering of isogenic human ES cells to model autism disorders.
25762467	2015	Sci Rep	TALEN mediated targeted editing of GM2/GD2-synthase gene modulates anchorage independent growth by reducing anoikis resistance in mouse tumor cells.
25759395	2015	Am. J. Physiol. Endocrinol. Metab.	Depletion of suppressor of cytokine signaling-1a causes hepatic steatosis and insulin resistance in zebrafish.
25743488	2015	Trends Genet.	Shortening trinucleotide repeats using highly specific endonucleases: a possible approach to gene therapy?
25741760	2015	J Vis Exp	Transfection, selection, and colony-picking of human induced pluripotent stem cells TALEN-targeted with a GFP gene into the AAVS1 safe harbor.
25737641	2015	J Blood Med	Recent trends in the gene therapy of β-thalassemia.
25733846	2015	Proc. Natl. Acad. Sci. U.S.A.	TALE nickase-mediated SP110 knockin endows cattle with increased resistance to tuberculosis.
25728696	2015	Curr. Biol.	Zyxin antagonizes the FERM protein expanded to couple F-actin and Yorkie-dependent organ growth.
25724657	2015	Dev. Biol.	Xenopus pax6 mutants affect eye development and other organ systems, and have phenotypic similarities to human aniridia patients.
25724646	2015	J. Biol. Chem.	Zebrafish foxc1a plays a crucial role in early somitogenesis by restricting the expression of aldh1a2 directly.
25719200	2015	PLoS Genet.	Mutations in MAB21L2 result in ocular Coloboma, microcornea and cataracts.
25702800	2015	Stem Cells	Genome modification leads to phenotype reversal in human myotonic dystrophy type 1 induced pluripotent stem cell-derived neural stem cells.
25695746	2015	Anim. Biotechnol.	Myostatin gene mutated mice induced with tale nucleases.
25685662	2015	FEBS Open Bio	Creation of targeted genomic deletions using TALEN or CRISPR/Cas nuclease pairs in one-cell mouse embryos.
25683503	2015	Biotechnol. Bioeng.	Tailor-made TALEN system for highly efficient targeted gene replacement in the rice blast fungus.
25681393	2015	Biol Open	Heterodimeric TALENs induce targeted heritable mutations in the crustacean Daphnia magna.
25678554	2015	Hum. Mol. Genet.	Characterization of mitochondrial FOXRED1 in the assembly of respiratory chain complex I.
25665700	2015	J Am Med Inform Assoc	Evaluation of an electronic health record-supported obesity management protocol implemented in a community health center: a cautionary note.
25661867	2015	Biol Open	Development of a new approach for targeted gene editing in primordial germ cells using TALENs in Xenopus.
25659035	2015	Cell Cycle	DNA damage-induced regulatory interplay between DAXX, p53, ATM kinase and Wip1 phosphatase.
25654695	2015	MAbs	Albumin-deficient mouse models for studying metabolism of human albumin and pharmacokinetics of albumin-based drugs.
25652910	2015	J Hematol Oncol	Loss of Angiopoietin-like 7 diminishes the regeneration capacity of hematopoietic stem and progenitor cells.
25644697	2015	Plant Biotechnol. J.	Heritable site-specific mutagenesis using TALENs in maize.
25641265	2015	Insect Biochem. Mol. Biol.	Targeted mutagenesis and functional analysis of adipokinetic hormone-encoding gene in Drosophila.
25637305	2015	Anal. Biochem.	An efficient method for multiple site-directed mutagenesis using type IIs restriction enzymes.
27499866	2015	Regeneration (Oxf)	TALEN-mediated gene editing of the thrombospondin-1 locus in axolotl.
25632877	2015	Sci Rep	Optimized tuning of TALEN specificity using non-conventional RVDs.
25615614	2015	PLoS ONE	Differential requirement for irf8 in formation of embryonic and adult macrophages in zebrafish.
25603988	2015	Transgenic Res.	Molecular scissors and their application in genetically modified farm animals.
25599829	2015	Plant Biotechnol. J.	Creation of fragrant rice by targeted knockout of the OsBADH2 gene using TALEN technology.
25596827	2015	Chromosome Res.	TALEN-mediated genome engineering to generate targeted mice.
25596823	2015	Chromosome Res.	Advances in genetic modification of farm animals using zinc-finger nucleases (ZFN).
25596277	2015	Biol Open	Highly efficient gene knockout by injection of TALEN mRNAs into oocytes and host transfer in Xenopus laevis.
25587899	2015	PLoS ONE	Transcription activator-like effector nuclease (TALEN)-mediated CLYBL targeting enables enhanced transgene expression and one-step generation of dual reporter human induced pluripotent stem cell (iPSC) and neural stem cell (NSC) lines.
25579647	2015	Stem Cells Dev.	TALEN-Mediated Gene Disruption on Y Chromosome Reveals Critical Role of EIF2S3Y in Mouse Spermatogenesis.
25553825	2015	J Control Release	Current and future delivery systems for engineered nucleases: ZFN, TALEN and RGEN.
25547119	2014	Cell Res.	Chondroitin sulfate proteoglycan 4 functions as the cellular receptor for Clostridium difficile toxin B.
25541967	2014	PLoS ONE	CCR5 gene disruption via lentiviral vectors expressing Cas9 and single guided RNA renders cells resistant to HIV-1 infection.
25541197	2014	Nucleic Acids Res.	Creating a monomeric endonuclease TALE-I-SceI with high specificity and low genotoxicity in human cells.
25524489	2014	J Lab Autom	Efficient production of a gene mutant cell line through integrating TALENs and high-throughput cell cloning.
25503383	2014	Nat. Biotechnol.	Genome-wide detection of DNA double-stranded breaks induced by engineered nucleases.
25500889	2014	J. Clin. Invest.	TALEN-mediated targeting of HPV oncogenes ameliorates HPV-related cervical malignancy.
25496918	2014	Trends Biotechnol.	Enabling plant synthetic biology through genome engineering.
25475013	2014	Sci Rep	A multicolor panel of TALE-KRAB based transcriptional repressor vectors enabling knockdown of multiple gene targets.
25474420	2014	PLoS ONE	TALEN/CRISPR-mediated eGFP knock-in add-on at the OCT4 locus does not impact differentiation of human embryonic stem cells towards endoderm.
25466900	2014	FASEB J.	Reduced synaptic density and deficient locomotor response in neuronal activity-regulated pentraxin 2a mutant zebrafish.
25453752	2014	Cell Rep	TALEN gene knockouts reveal no requirement for the conserved human shelterin protein Rap1 in telomere protection and length regulation.
25453131	2014	New Phytol.	Magical mystery tour: MLO proteins in plant immunity and beyond.
25452106	2014	Cell. Signal.	Modulation of TCR responsiveness by the Grb2-family adaptor, Gads.
25448983	2014	FEBS Lett.	TALEN-mediated mutagenesis in zebrafish reveals a role for r-spondin 2 in fin ray and vertebral development.
25448263	2014	Transgenic Res.	Generation of outbred Ace2 knockout mice by RNA transfection of TALENs displaying colitis reminiscent pathophysiology and inflammation.
25448232	2014	Curr. Opin. Biotechnol.	Plant genome editing by novel tools: TALEN and other sequence specific nucleases.
25434822	2014	Stem Cell Reports	Precise correction of the dystrophin gene in duchenne muscular dystrophy patient induced pluripotent stem cells by TALEN and CRISPR-Cas9.
25417547	2014	Nat Commun	TALEN and CRISPR/Cas9-mediated genome editing in the early-branching metazoan Nematostella vectensis.
25416366	2014	Meth. Enzymol.	The use of mitochondria-targeted endonucleases to manipulate mtDNA.
25416289	2014	Plant Cell Physiol.	Genome editing with engineered nucleases in plants.
25414792	2014	Gigascience	Advances in genome editing technology and its promising application in evolutionary and ecological studies.
25414332	2014	Nucleic Acids Res.	Multi-kilobase homozygous targeted gene replacement in human induced pluripotent stem cells.
25410609	2014	Nat Commun	Microhomology-mediated end-joining-dependent integration of donor DNA in cells and animals using TALENs and CRISPR/Cas9.
25408415	2014	Methods Mol. Biol.	Creating knockout and knockin rodents using engineered endonucleases via direct embryo injection.
25408414	2014	Methods Mol. Biol.	Using engineered endonucleases to create knockout and knockin zebrafish models.
25408405	2014	Methods Mol. Biol.	Ligation-independent cloning (LIC) assembly of TALEN genes.
25408404	2014	Methods Mol. Biol.	Efficient design and assembly of custom TALENs using the Golden Gate platform.
25404042	2014	BMC Biotechnol.	Targeted gene disruption by use of transcription activator-like effector nuclease (TALEN) in the water flea Daphnia pulex.
25398343	2014	Meth. Enzymol.	The iCRISPR platform for rapid genome editing in human pluripotent stem cells.
25398339	2014	Meth. Enzymol.	Tagging endogenous loci for live-cell fluorescence imaging and molecule counting using ZFNs, TALENs, and Cas9.
25398338	2014	Meth. Enzymol.	Genome editing in human stem cells.
25398335	2014	Meth. Enzymol.	Determining the specificities of TALENs, Cas9, and other genome-editing enzymes.
25396299	2014	Mol. Endocrinol.	Genetic analysis of zebrafish gonadotropin (FSH and LH) functions by TALEN-mediated gene disruption.
25366346	2014	FASEB J.	Histone methyltransferase Dot1L plays a role in postembryonic development in Xenopus tropicalis.
25364499	2014	Cell Biosci	Strategies for gene disruption in Drosophila.
25349712	2014	Acta Naturae	TALEN and CRISPR/Cas Genome Editing Systems: Tools of Discovery.
25336735	2014	Development	Making designer mutants in model organisms.
25304376	2014	Cancer Lett.	Disruption of microRNA-21 by TALEN leads to diminished cell transformation and increased expression of cell-environment interaction genes.
25303365	2014	Elife	A clathrin coat assembly role for the muniscin protein central linker revealed by TALEN-mediated gene editing.
25280326	2014	J. Urol.	Re: TALEN-engineered AR gene rearrangements reveal endocrine uncoupling of androgen receptor in prostate cancer.
25255092	2014	Nat Protoc	CRISPR/Cas-mediated genome editing in the rat via direct injection of one-cell embryos.
25249466	2014	Development	Efficient homologous recombination-mediated genome engineering in zebrafish using TALE nucleases.
25245189	2014	Oncotarget	TALEN-mediated Nanog disruption results in less invasiveness, more chemosensitivity and reversal of EMT in Hela cells.
25245091	2014	Curr Gene Ther	TALEN-mediated generation and genetic correction of disease-specific human induced pluripotent stem cells.
25241166	2014	FEBS Lett.	Efficient gene targeting of the Rosa26 locus in mouse zygotes using TALE nucleases.
25236476	2014	Sci Rep	An efficient genotyping method for genome-modified animals and human cells generated with CRISPR/Cas9 system.
25233442	2014	Nat Commun	The transcription factor Apontic-like controls diverse colouration pattern in caterpillars.
25230987	2014	Sci Rep	Novel lentiviral vectors with mutated reverse transcriptase for mRNA delivery of TALE nucleases.
25204701	2014	Transgenic Res.	Genome edited sheep and cattle.
25204665	2014	BMC Res Notes	Highly efficient genome editing via 2A-coupled co-expression of two TALEN monomers.
25188731	2014	ACS Chem. Biol.	Genome editing-enabled HTS assays expand drug target pathways for Charcot-Marie-tooth disease.
25160973	2014	Dev. Dyn.	Poly peak parser: Method and software for identification of unknown indels using sanger sequencing of polymerase chain reaction products.
25157572	2014	PLoS ONE	ZO-1 knockout by TALEN-mediated gene targeting in MDCK cells: involvement of ZO-1 in the regulation of cytoskeleton and cell shape.
25155554	2014	Dev. Cell	Conditional knockouts generated by engineered CRISPR-Cas9 endonuclease reveal the roles of coronin in C. elegans neural development.
25139993	2014	Proc. Natl. Acad. Sci. U.S.A.	Targeted gene knockout in chickens mediated by TALENs.
25135198	2014	Nat Commun	Understanding functional miRNA-target interactions in vivo by site-specific genome engineering.
25125145	2014	Insect Mol. Biol.	Transcription activator-like effector nuclease (TALEN)-mediated female-specific sterility in the silkworm, Bombyx mori.
25118822	2014	PLoS ONE	Generation of Ugt1-deficient murine liver cell lines using TALEN technology.
25116387	2014	Sci Rep	Using RNA-seq and targeted nucleases to identify mechanisms of drug resistance in acute myeloid leukemia.
25107905	2014	J. Biol. Chem.	IκB kinase β (IKBKB) mutations in lymphomas that constitutively activate canonical nuclear factor κB (NFκB) signaling.
25077765	2014	Exp. Anim.	Application of oocyte cryopreservation technology in TALEN-mediated mouse genome editing.
25076033	2014	Yi Chuan	Myostatin knockout in bovine fetal fibroblasts by using TALEN.
25070752	2014	Cancer Res.	TALEN-mediated somatic mutagenesis in murine models of cancer.
25058426	2014	Cell Death Dis	Defects of protein production in erythroid cells revealed in a zebrafish Diamond-Blackfan anemia model for mutation in RPS19.
25057889	2014	Biochem. J.	TALEN-mediated genome editing: prospects and perspectives.
25056495	2014	Mar. Biotechnol.	Efficient knockout of transplanted green fluorescent protein gene in medaka using TALENs.
25047178	2014	Methods	Efficient strategies for TALEN-mediated genome editing in mammalian cell lines.
25040173	2014	Cell Prolif.	A TALEN-based specific transcript knock-down of PIWIL2 suppresses cell growth in HepG2 tumor cell.
25038773	2014	Nat. Biotechnol.	Simultaneous editing of three homoeoalleles in hexaploid bread wheat confers heritable resistance to powdery mildew.
25027812	2014	Sci Rep	Highly efficient targeted mutagenesis in one-cell mouse embryos mediated by the TALEN and CRISPR/Cas systems.
25010494	2014	PLoS Genet.	Unraveling genetic modifiers in the gria4 mouse model of absence epilepsy.
24996168	2014	Cell Stem Cell	Targeted gene correction minimally impacts whole-genome mutational load in human-disease-specific induced pluripotent stem cell clones.
24996167	2014	Cell Stem Cell	Low incidence of off-target mutations in individual CRISPR-Cas9 and TALEN targeted human stem cell clones detected by whole-genome sequencing.
24996165	2014	Cell Stem Cell	Whole-genome sequencing analysis reveals high specificity of CRISPR/Cas9 and TALEN-based genome editing in human iPSCs.
24976124	2014	J Genet Genomics	Identification of EGF as an important regulator for promoting CYP3A4 expression in human embryonic stem cell-derived hepatocytes using TALEN-based gene targeting.
24976123	2014	J Genet Genomics	Rapid and efficient assembly of transcription activator-like effector genes by USER cloning.
24975516	2014	Transplant Rev (Orlando)	Promising future for the transgenic rat in transplantation research.
24953032	2014	Sci Rep	Generation of the SCN1A epilepsy mutation in hiPS cells using the TALEN technique.
24947903	2014	Curr Stem Cell Res Ther	Therapeutic application of endothelial progenitor cells for treatment of cardiovascular diseases.
24945275	2014	PLoS ONE	The serine-threonine protein kinase PAK4 is dispensable in zebrafish: identification of a morpholino-generated pseudophenotype.
24942577	2014	J. Virol.	TALEN knockout of the PSIP1 gene in human cells: analyses of HIV-1 replication and allosteric integrase inhibitor mechanism.
24931489	2014	Cell Stem Cell	An iCRISPR platform for rapid, multiplexable, and inducible genome editing in human pluripotent stem cells.
24927536	2014	Proc. Natl. Acad. Sci. U.S.A.	Targeted inversion and reversion of the blood coagulation factor 8 gene in human iPS cells using TALENs.
24907364	2014	Brief Funct Genomics	TAL effectors: tools for DNA targeting.
24902847	2014	BMC Dev. Biol.	Targeted germ line disruptions reveal general and species-specific roles for paralog group 1 hox genes in zebrafish.
24901507	2014	PLoS ONE	A PCR based protocol for detecting indel mutations induced by TALENs and CRISPR/Cas9 in zebrafish.
24899196	2014	J. Virol.	Hepatitis C virus entry is impaired by claudin-1 downregulation in diacylglycerol acyltransferase-1-deficient cells.
24874787	2014	Methods	Gene knockout by targeted mutagenesis in a hemimetabolous insect, the two-spotted cricket Gryllus bimaculatus, using TALENs.
24870618	2014	Mol. Biotechnol.	Applications of TALENs and CRISPR/Cas9 in human cells and their potentials for gene therapy.
24865549	2014	Mol Med Rep	Talen-mediated girdin knockout downregulates cell proliferation, migration and invasion in human esophageal carcinoma ECA109 cells.
24861617	2014	Nucleic Acids Res.	CHOPCHOP: a CRISPR/Cas9 and TALEN web tool for genome editing.
24859969	2014	J. Mol. Endocrinol.	RANK receptor oligomerisation in the regulation of NFκB signalling.
24853770	2014	Sci Rep	Transcription activator-like effector nuclease-mediated transduction of exogenous gene into IL2RG locus.
24851712	2014	Plant Biotechnol. J.	Improved soybean oil quality by targeted mutagenesis of the fatty acid desaturase 2 gene family.
24846981	2014	Yi Chuan	[Targeted modification of CCR5 gene in rabbits by TALEN].
24843011	2014	Elife	Targeted genome editing by lentiviral protein transduction of zinc-finger and TAL-effector nucleases.
24838303	2014	Neurosci Bull	Generation of a monkey with MECP2 mutations by TALEN-based gene targeting.
24835147	2014	Dalton Trans	Switching from antiferromagnetic to ferromagnetic coupling in heptanuclear [M(t)6M(c)](n+) complexes by going from an achiral to a chiral triplesalen ligand.
24833591	2014	Stem Cells Transl Med	Stable enhanced green fluorescent protein expression after differentiation and transplantation of reporter human induced pluripotent stem cells generated by AAVS1 transcription activator-like effector nucleases.
24815161	2014	Transplant. Proc.	Fluorescent labeling and visualization of human induced pluripotent stem cells with the use of transcription activator-like effector nucleases.
24813227	2014	Zebrafish	Generation of myostatin B knockout yellow catfish (Tachysurus fulvidraco) using transcription activator-like effector nucleases.
24813078	2014	Blood Cancer J	TALEN-mediated genetic tailoring as a tool to analyze the function of acquired mutations in multiple myeloma cells.
24803674	2014	Nucleic Acids Res.	Development of synthetic selfish elements based on modular nucleases in Drosophila melanogaster.
24799706	2014	Proc. Natl. Acad. Sci. U.S.A.	Engraftment of human iPS cells and allogeneic porcine cells into pigs with inactivated RAG2 and accompanying severe combined immunodeficiency.
24794718	2014	Biochim. Biophys. Acta	Endonucleases: new tools to edit the mouse genome.
24792154	2014	Nucleic Acids Res.	TALENs facilitate targeted genome editing in human cells with high specificity and low cytotoxicity.
24788536	2014	PLoS ONE	The position of DNA cleavage by TALENs and cell synchronization influences the frequency of gene editing directed by single-stranded oligonucleotides.
24780619	2014	J Genet Genomics	Mutagenesis at specific genomic loci of amphioxus Branchiostoma belcheri using TALEN method.
24780521	2014	Methods	Enrichment of cells with TALEN-induced mutations using surrogate reporters.
24768297	2014	Cell Metab.	PTENα, a PTEN isoform translated through alternative initiation, regulates mitochondrial function and energy metabolism.
24751823	2014	Methods	TALEN-mediated Drosophila genome editing: protocols and applications.
24751427	2014	Prog Mol Biol Transl Sci	Zebrafish as a model of cardiac disease.
24748175	2014	PLoS ONE	Highly specific contractions of a single CAG/CTG trinucleotide repeat by TALEN in yeast.
24747922	2014	Methods	Methods for targeted mutagenesis in zebrafish using TALENs.
24747757	2014	J Vis Exp	Mouse genome engineering using designer nucleases.
24739648	2014	G3 (Bethesda)	The I-TevI nuclease and linker domains contribute to the specificity of monomeric TALENs.
24717974	2014	RNA	A TALEN-based strategy for efficient bi-allelic miRNA ablation in human cells.
24713411	2014	Gene	Direct gene disruption by TALENs in medaka embryos.
24704174	2014	Methods	CRISPR/Cas9 and TALEN-mediated knock-in approaches in zebrafish.
24693489	2014	Curr Trop Med Rep	Novel Genetic and Molecular Tools for the Investigation and Control of Dengue Virus Transmission by Mosquitoes.
24691488	2014	PLoS ONE	Precise gene modification mediated by TALEN and single-stranded oligodeoxynucleotides in human cells.
24688299	2014	Genet. Mol. Biol.	Use of the heteroduplex mobility assay and cell sorting to select genome sequences of the CCR5 gene in HEK 293T cells edited by transcription activator-like effector nucleases.
24680698	2014	Methods	TALEN utilization in rice genome modifications.
24680697	2014	Methods	A simple TALEN-based protocol for efficient genome-editing in Drosophila.
24671437	2014	Sci China Life Sci	Bidirectional effect of Wnt signaling antagonist DKK1 on the modulation of anthrax toxin uptake.
24670996	2014	Gene Ther.	TALEN-mediated editing of endogenous T-cell receptors facilitates efficient reprogramming of T lymphocytes by lentiviral gene transfer.
24659249	2014	Biol Open	Various applications of TALEN- and CRISPR/Cas9-mediated homologous recombination to modify the Drosophila genome.
24653002	2014	Genetics	TALENs mediate efficient and heritable mutation of endogenous genes in the marine annelid Platynereis dumerilii.
24649486	2014	New Phytol.	SWEET sugar transporters for phloem transport and pathogen nutrition.
24643227	2014	PLoS ONE	True-breeding targeted gene knock-out in barley using designer TALE-nuclease in haploid cells.
24637837	2014	Nucleus	Are genes switched on when they kiss?
24636012	2014	Genes Cells	FAST-id system for enrichment of cells with TALEN-induced mutations and large deletions.
24622844	2014	Protein Cell	Revisiting the TALE repeat.
24619765	2014	Genesis	Germ cell mutations of the ascidian Ciona intestinalis with TALE nucleases.
24618838	2014	PLoS ONE	Bacterial delivery of TALEN proteins for human genome editing.
24589733	2014	Biochem. Biophys. Res. Commun.	TALE nickase mediates high efficient targeted transgene integration at the human multi-copy ribosomal DNA locus.
24586924	2014	PLoS ONE	TALEN-mediated modification of the bovine genome for large-scale production of human serum albumin.
24572118	2014	Med Sci (Paris)	[Targeted genome modifications using TALEN].
24569350	2014	Nucleic Acids Res.	Comprehensive analysis of the specificity of transcription activator-like effector nucleases.
24567370	2014	Mol. Cell. Biol.	Simultaneous gene editing by injection of mRNAs encoding transcription activator-like effector nucleases into mouse zygotes.
24565747	2014	Methods	The use of TALENs for nonhomologous end joining mutagenesis in silkworm and fruitfly.
24561826	2014	Methods	Construction and characterization of adenoviral vectors for the delivery of TALENs into human cells.
24561165	2014	Methods	Generation of knockout mice using engineered nucleases.
24557905	2014	Methods Mol. Biol.	Designing and testing the activities of TAL effector nucleases.
24556556	2014	Methods	A highly effective TALEN-mediated approach for targeted gene disruption in Xenopus tropicalis and zebrafish.
24556555	2014	Methods	TALEN construction via &quot;Unit Assembly&quot; method and targeted genome modifications in zebrafish.
24556554	2014	Methods	Targeted genome editing in Aedes aegypti using TALENs.
24556552	2014	Methods	An efficient TALEN mutagenesis system in rice.
24531420	2014	Nat. Methods	Broad specificity profiling of TALENs results in engineered nucleases with improved DNA-cleavage specificity.
24529597	2014	Cell Stem Cell	TALEN-mediated gene mutagenesis in rhesus and cynomolgus monkeys.
24523878	2014	PLoS ONE	Generation of TALEN-mediated GRdim knock-in rats by homologous recombination.
24521866	2014	Exp. Anim.	Screening methods to identify TALEN-mediated knockout mice.
24516383	2014	PLoS Pathog.	The major cellular sterol regulatory pathway is required for Andes virus infection.
24510256	2014	Methods Mol. Biol.	Homing endonucleases: from genetic anomalies to programmable genomic clippers.
24498430	2014	PLoS ONE	Establishment of HeLa cell mutants deficient in sphingolipid-related genes using TALENs.
24465685	2014	PLoS ONE	Cell-penetrating peptide-mediated delivery of TALEN proteins via bioconjugation for genome engineering.
24462208	2014	Mol. Cell	PAXT-1 promotes XRN2 activity by stabilizing it through a conserved domain.
24442582	2014	Nucleic Acids Res.	SAPTA: a new design tool for improving TALE nuclease activity.
24438544	2014	BMC Genomics	Multiplex genomic structure variation mediated by TALEN and ssODN.
24418396	2014	Methods	Generation of targeted mouse mutants by embryo microinjection of TALENs.
24416307	2014	PLoS ONE	A modified TALEN-based strategy for rapidly and efficiently generating knockout mice for kidney development studies.
24413636	2014	Nat Commun	Efficient genome engineering by targeted homologous recombination in mouse embryos using transcription activator-like effector nucleases.
24412316	2014	Methods	Targeted genome engineering techniques in Drosophila.
24409999	2014	Dev. Growth Differ.	Versatile strategy for isolating transcription activator-like effector nuclease-mediated knockout mutants in Caenorhabditis elegans.
24407151	2014	Sci Rep	A robust TALENs system for highly efficient mammalian genome editing.
24386347	2014	PLoS ONE	Tandem repeat modification during double-strand break repair induced by an engineered TAL effector nuclease in zebrafish genome.
26015987	2014	Mol Ther Methods Clin Dev	Genetic rearrangements of variable di-residue (RVD)-containing repeat arrays in a baculoviral TALEN system.
24362028	2013	J. Biol. Chem.	A cut above the rest: targeted genome editing technologies in human pluripotent stem cells.
24358349	2013	PLoS ONE	Highly efficient generation of GGTA1 biallelic knockout inbred mini-pigs with TALENs.
24358161	2013	PLoS ONE	On the encoding of proteins for disordered regions prediction.
24353063	2013	Development	Tissue-specific and ubiquitous gene knockouts by TALEN electroporation provide new approaches to investigating gene function in Ciona.
24346171	2013	Invest. Ophthalmol. Vis. Sci.	Correction of the Crb1rd8 allele and retinal phenotype in C57BL/6N mice via TALEN-mediated homology-directed repair.
24344301	2013	Proc. Natl. Acad. Sci. U.S.A.	TALEN-mediated single-base-pair editing identification of an intergenic mutation upstream of BUB1B as causative of PCS (MVA) syndrome.
24336919	2013	Mol Biosyst	A single-chain TALEN architecture for genome engineering.
24329851	2013	Dev. Growth Differ.	Targeted mutagenesis of multiple and paralogous genes in Xenopus laevis using two pairs of transcription activator-like effector nucleases.
24329771	2013	Dev. Growth Differ.	Transcription activator-like effector nucleases efficiently disrupt the target gene in Iberian ribbed newts (Pleurodeles waltl), an experimental model animal for regeneration.
24319658	2013	Stem Cell Reports	Dissecting the roles of miR-302/367 cluster in cellular reprogramming using TALE-based repressor and TALEN.
24312634	2013	PLoS ONE	TAL effector specificity for base 0 of the DNA target is altered in a complex, effector- and assay-dependent manner by substitutions for the tryptophan in cryptic repeat -1.
24304893	2013	Nucleic Acids Res.	DICE, an efficient system for iterative genomic editing in human pluripotent stem cells.
24288358	2013	Genesis	Modeling human epilepsy by TALEN targeting of mouse sodium channel Scn8a.
24287550	2013	Sci Rep	Repeating pattern of non-RVD variations in DNA-binding modules enhances TALEN activity.
24286287	2013	Dev. Growth Differ.	Design, evaluation, and screening methods for efficient targeted mutagenesis with transcription activator-like effector nucleases in medaka.
24285709	2013	Biol Open	Comparison of TALEN scaffolds in Xenopus tropicalis.
24284874	2013	Viruses	Newer gene editing technologies toward HIV gene therapy.
24279334	2013	Congenit Anom (Kyoto)	Zebrafish: a model vertebrate suitable for the analysis of human genetic disorders.
24262038	2013	Dev. Growth Differ.	Targeted mutagenesis in sea urchin embryos using TALENs.
24261267	2013	Int J Psychiatry Med	Creating a culture of wellness: conversations, curriculum, concrete resources, and control.
24255022	2013	Biotechnol. Bioeng.	SunnyTALEN: a second-generation TALEN system for human genome editing.
24244669	2013	PLoS ONE	Rapid assembly of customized TALENs into multiple delivery systems.
24213537	2013	Nat. Struct. Mol. Biol.	TALEN-based knockout library for human microRNAs.
24206569	2013	BMC Genomics	A modified TALEN-based system for robust generation of knock-out human pluripotent stem cell lines and disease models.
24199847	2013	Alcohol	Toll-like receptor 4 (Tlr4) knockout rats produced by transcriptional activator-like effector nuclease (TALEN)-mediated gene inactivation.
24194560	2013	Mol. Biol. Evol.	Rapid creation of forward-genetics tools for C. briggsae using TALENs: lessons for nonmodel organisms.
24190364	2013	Sci Rep	Production of Sry knockout mouse using TALEN via oocyte injection.
24177293	2013	Nat Protoc	Generation of targeted mouse mutants by embryo microinjection of TALEN mRNA.
24172335	2013	Dev. Growth Differ.	TALEN-induced gene knock out in Drosophila.
24165159	2013	Cancer Res.	GLI1 interferes with the DNA mismatch repair system in pancreatic cancer through BHLHE41-mediated suppression of MLH1.
24158675	2013	Biotechnol. Lett.	Efficient targeting of FATS at a common fragile site in mice through TALEN-mediated double-hit genome modification.
24155235	2013	J. Biol. Chem.	Transcription activator-like effector nuclease (TALEN)-mediated gene correction in integration-free β-thalassemia induced pluripotent stem cells.
24146809	2013	PLoS ONE	Targeted gene deletion of miRNAs in mice by TALEN system.
24117801	2013	J. Neurochem.	Genomic editing opens new avenues for zebrafish as a model for neurodegeneration.
24117409	2013	Dev. Growth Differ.	Genome editing using artificial site-specific nucleases in zebrafish.
24108318	2013	Sci Rep	Live pigs produced from genome edited zygotes.
24101480	2013	Proc. Natl. Acad. Sci. U.S.A.	TALEN-engineered AR gene rearrangements reveal endocrine uncoupling of androgen receptor in prostate cancer.
24081604	2013	Curr. Genet.	Activities and specificities of homodimeric TALENs in Saccharomyces cerevisiae.
24077893	2013	Mol. Genet. Genomics	High‑efficiency system for construction and evaluation of customized TALENs for silkworm genome editing.
24058473	2013	PLoS ONE	Efficient TALEN construction for Bombyx mori gene targeting.
24046387	2013	Dis Model Mech	The emerging use of zebrafish to model metabolic disease.
24018114	2013	Gen. Comp. Endocrinol.	Revisiting the paradigm of myostatin in vertebrates: insights from fishes.
24014591	2013	Proc. Natl. Acad. Sci. U.S.A.	Efficient nonmeiotic allele introgression in livestock using custom endonucleases.
24003033	2013	Nucleic Acids Res.	E-TALEN: a web tool to design TALENs for genome engineering.
23995255	2013	Bioinformatics	TALENoffer: genome-wide TALEN off-target prediction.
23980031	2013	Nucleic Acids Res.	Directed evolution of the TALE N-terminal domain for recognition of all 5' bases.
23979944	2013	G3 (Bethesda)	Targeted mutagenesis of Arabidopsis thaliana using engineered TAL effector nucleases.
23979928	2013	G3 (Bethesda)	Comparing zinc finger nucleases and transcription activator-like effector nucleases for gene targeting in Drosophila.
23979585	2013	Genetics	Highly efficient targeted mutagenesis in mice using TALENs.
23977401	2013	PLoS ONE	Targeted mutagenesis in the malaria mosquito using TALE nucleases.
23945944	2013	Nucleic Acids Res.	Baculoviral transduction facilitates TALEN-mediated targeted transgene integration and Cre/LoxP cassette exchange in human-induced pluripotent stem cells.
23928856	2013	Biotechnol. Bioeng.	Seamless correction of the sickle cell disease mutation of the HBB gene in human induced pluripotent stem cells using TALENs.
23921522	2013	Sci Rep	Expanded activity of dimer nucleases by combining ZFN and TALEN for genome editing.
23913666	2013	Genesis	Engineering subtle targeted mutations into the mouse genome.
23913125	2013	Nat. Med.	Specific elimination of mutant mitochondrial genomes in patient-derived cells by mitoTALENs.
23912987	2013	Methods Mol. Biol.	Strategies for designing transgenic DNA constructs.
23900226	2013	Mol Ther Nucleic Acids	Targeted Myostatin Gene Editing in Multiple Mammalian Species Directed by a Single Pair of TALE Nucleases.
23883864	2013	Mol. Ther.	Inactivation of hepatitis B virus replication in cultured cells and in vivo with engineered transcription activator-like effector nucleases.
23877243	2013	Nucleic Acids Res.	An efficient strategy for TALEN-mediated genome engineering in Drosophila.
23840477	2013	PLoS ONE	A simple and efficient method for assembling TALE protein based on plasmid library.
23821439	2013	Curr Protoc Mol Biol	Engineering customized TALE nucleases (TALENs) and TALE transcription factors by fast ligation-based automatable solid-phase high-throughput (FLASH) assembly.
23790627	2013	J Genet Genomics	TALEN or Cas9 - rapid, efficient and specific choices for genome modifications.
23790626	2013	J Genet Genomics	TALENs: customizable molecular DNA scissors for genome engineering of plants.
23789092	2013	Biol Open	High efficiency TALENs enable F0 functional analysis by targeted gene disruption in Xenopus laevis embryos.
23748566	2013	Nucleic Acids Res.	Chromosomal deletions and inversions mediated by TALENs and CRISPR/Cas in zebrafish.
23741453	2013	PLoS ONE	Retinoic acid-activated Ndrg1a represses Wnt/β-catenin signaling to allow Xenopus pancreas, oesophagus, stomach, and duodenum specification.
23734242	2013	PLoS ONE	High efficiency In Vivo genome engineering with a simplified 15-RVD GoldyTALEN design.
23732986	2013	Mol. Ther.	Reading frame correction by targeted genome editing restores dystrophin expression in cells from Duchenne muscular dystrophy patients.
23689819	2013	Plant Mol. Biol.	TAL effector nucleases induce mutations at a pre-selected location in the genome of primary barley transformants.
23667577	2013	PLoS ONE	Targeting human microRNA genes using engineered Tal-effector nucleases (TALENs).
23666012	2013	Nat. Biotechnol.	TALEN-mediated editing of the mouse Y chromosome.
23664777	2013	Trends Biotechnol.	ZFN, TALEN, and CRISPR/Cas-based methods for genome engineering.
23663889	2013	Cell Biosci	Generation of gene disruptions by transcription activator-like effector nucleases (TALENs) in Xenopus tropicalis embryos.
23659945	2013	Yi Chuan	[A protocol for TALEN construction and gene targeting in zebrafish].
23659930	2013	Yi Chuan	[TALE nuclease engineering and targeted genome modification].
23630316	2013	Nucleic Acids Res.	High-efficiency and heritable gene targeting in mouse by transcription activator-like effector nucleases.
23618815	2013	Gene	History of gene therapy.
23616919	2013	Biol Open	Quantitative assay for TALEN activity at endogenous genomic loci.
23573916	2013	Genes Cells	Efficient identification of TALEN-mediated genome modifications using heteroduplex mobility assays.
23568838	2013	Genome Res.	Cancer translocations in human cells induced by zinc finger and TALE nucleases.
23566838	2013	Gene	Gene therapy for PIDs: progress, pitfalls and prospects.
23555929	2013	PLoS ONE	Site specific mutation of the Zic2 locus by microinjection of TALEN mRNA in mouse CD1, C3H and C57BL/6J oocytes.
23555893	2013	PLoS ONE	TALEN-based gene disruption in the dengue vector Aedes aegypti.
23546300	2013	Mol. Ther.	TALEN-based gene correction for epidermolysis bullosa.
23508559	2013	Biotechnol. Bioeng.	Transcription activator-like effector nucleases (TALENs): a highly efficient and versatile tool for genome editing.
23441197	2013	PLoS ONE	Magnetic separation and antibiotics selection enable enrichment of cells with ZFN/TALEN-induced mutations.
23435258	2013	Nat. Methods	TALEN-mediated precise genome modification by homologous recombination in zebrafish.
23423889	2013	Methods Mol. Biol.	TAL effector nuclease (TALEN) engineering.
23417094	2013	Nat. Biotechnol.	A library of TAL effector nucleases spanning the human genome.
23388034	2013	Genes Cells	Efficient TALEN construction and evaluation methods for human cell and animal applications.
23323762	2013	BMC Bioinformatics	Mojo Hand, a TALEN design tool for genome editing applications.
23316790	2013	Biol Proced Online	A do-it-yourself protocol for simple transcription activator-like effector assembly.
23303782	2013	Nucleic Acids Res.	A large-scale in vivo analysis reveals that TALENs are significantly more mutagenic than ZFNs generated using context-dependent assembly.
23302927	2013	Nat. Biotechnol.	Knockout mice created by TALEN-mediated gene targeting.
23288935	2013	Genetics	Efficient targeted mutagenesis in medaka using custom-designed transcription activator-like effector nucleases.
23275534	2013	Nucleic Acids Res.	Differential integrity of TALE nuclease genes following adenoviral and lentiviral vector gene transfer into human cells.
25408877	2013	Cell Regen (Lond)	Targeted genome engineering in human induced pluripotent stem cells by penetrating TALENs.
25387017	2013	Annu Rev Anim Biosci	Genetically engineered pig models for human diseases.
23261053	2012	BMB Rep	Mouse genetics: catalogue and scissors.
23246482	2012	Cell Stem Cell	A TALEN genome-editing system for generating human stem cell-based disease models.
23242165	2012	Nat. Biotechnol.	A ligation-independent cloning technique for high-throughput assembly of transcription activator–like effector genes.
23223238	2012	J. Biol. Chem.	Gene knockout using transcription activator-like effector nucleases (TALENs) reveals that human NDUFA9 protein is essential for stabilizing the junction between membrane and matrix arms of complex I.
23203870	2012	Nucleic Acids Res.	EENdb: a database and knowledge base of ZFNs and TALENs for endonuclease engineering.
23124327	2012	Plant Physiol.	Transcription activator-like effector nucleases enable efficient plant genome engineering.
23045671	2012	Proc. Natl. Acad. Sci. U.S.A.	Efficient targeted gene disruption in Xenopus embryos using engineered transcription activator-like effector nucleases (TALENs).
23028976	2012	PLoS ONE	Targeting G with TAL effectors: a comparison of activities of TALENs constructed with NN and NK repeat variable di-residues.
23027955	2012	Proc. Natl. Acad. Sci. U.S.A.	Efficient TALEN-mediated gene knockout in livestock.
23013609	2012	Inorg Chem	Environmental influence on the single-molecule magnet behavior of [Mn(III)6Cr(III)]3+: molecular symmetry versus solid-state effects.
23000899	2012	Nature	In vivo genome editing using a high-efficiency TALEN system.
22996130	2012	Curr. Diab. Rep.	From mice to humans.
22990419	2012	Dalton Trans	Structural influences on the exchange coupling and zero-field splitting in the single-molecule magnet [Mn(III)6Mn(III)]3+.
22916025	2012	PLoS Genet.	Simple methods for generating and detecting locus-specific mutations induced with TALENs in the zebrafish genome.
22749015	2012	J Genet Genomics	Rapid and cost-effective gene targeting in rat embryonic stem cells by TALENs.
22684932	2012	Rev Synth	[Drama in the teaching of rhetorical arts in French schools in the 15(th) and 16 (th) centuries].
22684503	2012	Nucleic Acids Res.	Highly efficient generation of heritable zebrafish gene mutations using homo- and heterodimeric TALENs.
22655075	2012	PLoS ONE	Improved somatic mutagenesis in zebrafish using transcription activator-like effector nucleases (TALENs).
22624882	2012	J Genet Genomics	Efficient and specific modifications of the Drosophila genome by means of an easy TALEN strategy.
22565958	2012	Nat. Biotechnol.	High-efficiency TALEN-based gene editing produces disease-resistant rice.
22484455	2012	Nat. Biotechnol.	FLASH assembly of TALENs for high-throughput genome editing.
22301904	2012	Mol Biosyst	Optimized TAL effector nucleases (TALENs) for use in treatment of sickle cell disease.
22072577	2011	Dev. Dyn.	Primer and interviews: advances in targeted gene modification. Interview by Julie C. Kiefer.
21929364	2011	Zebrafish	A TALE of two nucleases: gene targeting for the masses?
21813459	2011	Nucleic Acids Res.	A novel TALE nuclease scaffold enables high genome editing activity in combination with low toxicity.
21787080	2011	Fam Syst Health	Patients' communication with doctors: a randomized control study of a brief patient communication intervention.
21738127	2011	Nat. Biotechnol.	Genetic engineering of human pluripotent cells using TALE nucleases.
21493687	2011	Nucleic Acids Res.	Efficient design and assembly of custom TALEN and other TAL effector-based constructs for DNA targeting.
21459844	2011	Nucleic Acids Res.	Modularly assembled designer TAL effector nucleases for targeted gene knockout and gene replacement in eukaryotes.
20862425	2010	Chem. Commun. (Camb.)	Rational design of single-molecule magnets: a supramolecular approach.
20506555	2010	Catheter Cardiovasc Interv	Standardized definitions and clinical endpoints in carotid artery and supra-aortic trunk revascularization trials.
20023950	2009	Dalton Trans	A Mn(III) triplesalen-based 1D pearl necklace: exchange interactions and zero-field splittings in a C3-symmetric Mn(III)6 complex.
19803531	2009	Inorg Chem	Synthesis, structure, and magnetic characterization of a C3-symmetric Mn(III)3Cr(III) assembly: molecular recognition between a trinuclear Mn(III) triplesalen complex and a fac-triscyano Cr(III) complex.
21975709	2009	J Grad Med Educ	Patient care management teams: improving continuity, office efficiency, and teamwork in a residency clinic.
19636463	2009	Lab Chip	Inertial flow effects in a micro-mixer based on artificial cilia.
19501244	2009	Prim. Care	Obesity and mental health.
19094409	2008	Inform Prim Care	Do electronic medical record (EMR) demonstrations change attitudes, knowledge, skills or needs?
19072685	2008	Inorg Chem	Exchange interactions and zero-field splittings in C3-symmetric Mn(III)6Fe(III): using molecular recognition for the construction of a series of high spin complexes based on the triplesalen ligand.
18692415	2008	Eur J Vasc Endovasc Surg	Clinical endpoints in peripheral endovascular revascularization trials: a case for standardized definitions.
18444199	2008	Teach Learn Med	Residents' perspective on the impact of the 80-hour workweek policy.
18369507	2008	Lab Chip	Artificial cilia for active micro-fluidic mixing.
17937379	2007	Chemistry	Trinuclear copper complexes with triplesalen ligands: geometric and electronic effects on ferromagnetic coupling via the spin-polarization mechanism.
17929021	2007	Eur Radiol	Drug-eluting stents in renal artery stenosis.
17696619	2007	J. Endovasc. Ther.	Sirolimus-eluting versus bare-metal low-profile stent for renal artery treatment (GREAT Trial): angiographic follow-up after 6 months and clinical outcome up to 2 years.
16644326	2006	Am. Heart J.	Sirolimus-eluting coronary stents in small vessels.
16151060	2005	J Vasc Interv Radiol	Low-profile stent system for treatment of atherosclerotic renal artery stenosis: the GREAT trial.
16022545	2005	Inorg Chem	Trinuclear nickel complexes with triplesalen ligands: simultaneous occurrence of mixed valence and valence tautomerism in the oxidized species.
15310193	2004	Inorg Chem	Targeted ferromagnetic coupling in a trinuclear copperII complex: analysis of the St = 3/2 spin ground state.
12133734	2002	Am J Prev Med	Theoretical approaches to the promotion of physical activity: forging a transdisciplinary paradigm.
11625341	2001	Gewina	[The medical profession in the medieval Arabic conversation].
24226642	1996	J Clin Psychol Med Settings	Establishing psychological services in a community-based, health care setting: A 3-year case study.
